﻿<?xml version="1.0" encoding="utf-8"?>
<Root Type="DevExpress.CodeRush.Foundation.Shortcuts.ShortcutsOptions">
  <Options Language="Neutral">
    <RootFolder>
      <SubFolders>
        <Item Id="{01ea3896-6cc1-4912-824e-88c7c5a82a25}">
          <Bindings>
            <Item Id="{88959174-9ffa-429b-bef8-aeddb65b9c2a}" />
            <Item Id="{975814d0-802e-4143-a979-22d3f975cfc2}" />
            <Item Id="{0260c6ac-cfdb-4874-88c5-66bbf9b84e9b}" />
            <Item Id="{dd4ceb84-80b3-4517-ac9b-170dcffe646f}" />
            <Item Id="{ee0b4600-2d2c-4700-8d4d-578027321f74}" />
            <Item Id="{d37c2c40-a7c6-403f-8556-8fb690d4c656}" />
            <Item Id="{baf8010d-02d7-4ac9-b644-0c670f796ce4}" />
            <Item Id="{676742ae-19ea-4884-840d-2be66d9bb49c}" />
            <Item Id="{43d481e0-19e4-405d-b7e3-687fc610050c}" />
            <Item Id="{f1a06e4e-3241-438d-84e5-044e3e907492}" />
            <Item Id="{3b8cae25-e23f-443c-98ff-83d38711f26e}" />
            <Item Id="{491253a6-324c-4a0f-b4e5-aff443b00fb9}" />
            <Item Id="{a06ba470-2048-47ac-b7af-93653ce09359}" />
            <Item Id="{1562ccb9-7f21-492d-8c71-42d5ff7ecf9a}" />
            <Item Id="{34c575e6-55c2-4d7f-a839-8167bfa1a831}" />
            <Item Id="{b253a65c-b13a-42bd-8d59-4a790ce19f3a}" />
            <Item Id="{011d4fb6-22ba-4d11-8a05-ed753b5dbd8a}" />
            <Item Id="{804634ae-7823-4541-a8fe-d7da6c807b41}" />
            <Item Id="{eb8a243c-8645-46cf-98ac-e73a6e32cf3e}" />
            <Item Id="{5f2e52af-bb7d-46cc-819d-3f2a2860ba8c}" />
            <Item Id="{9848d5d7-d513-4f1e-98aa-fcd21b3eb498}" />
            <Item Id="{29fca8e1-6869-463e-ba6f-7f3b7f355d54}">
              <Enabled>False</Enabled>
              <Key1>
                <KeyState>5439489</KeyState>
                <KeyCode>110</KeyCode>
              </Key1>
              <Key2 />
              <Command>JumpTo</Command>
              <ReadableContext>[CodeEditorHasFocus]</ReadableContext>
            </Item>
            <Item Id="{b8deb07c-79cf-4d53-af63-97e86762373d}">
              <Enabled>False</Enabled>
              <Key1>
                <KeyState>5439489</KeyState>
                <KeyCode>46</KeyCode>
              </Key1>
              <Key2 />
              <Command>JumpTo</Command>
              <ReadableContext>[CodeEditorHasFocus]</ReadableContext>
            </Item>
            <Item Id="{546466c7-ec14-418b-b12c-afcd00169523}">
              <Enabled>False</Enabled>
              <Key1>
                <Extended>True</Extended>
                <KeyState>18612225</KeyState>
                <KeyCode>13</KeyCode>
              </Key1>
              <Key2 />
              <Command>JumpToSymbol</Command>
              <ReadableContext>![IntellisenseActive] &amp;&amp; [CodeEditorHasFocus]</ReadableContext>
            </Item>
          </Bindings>
        </Item>
        <Item Id="{66d31aae-e1f0-43b9-8108-123cb59d73bd}" />
        <Item Id="{4fcfb46a-6fd9-4ba4-a790-6447cb1cf0a5}" />
        <Item Id="{55d41133-671c-49f1-a934-6c5d59c3f319}">
          <SubFolders>
            <Item Id="{4bc2f87d-6dc0-41b5-9b0b-251498b765df}">
              <Bindings>
                <Item Id="{d18a79d1-fff5-4b71-8301-fb8f2397e0ac}" />
                <Item Id="{cc238591-6417-4f4c-bca3-08b8ecbb8a1b}">
                  <Enabled>False</Enabled>
                </Item>
                <Item Id="{102b7b76-e8fe-494d-b94f-22c3232852b6}">
                  <Key1>
                    <KeyCode>9</KeyCode>
                  </Key1>
                  <Key2 />
                  <Command>TemplateExpand</Command>
                  <ReadableContext>[CodeEditorHasFocus]</ReadableContext>
                </Item>
              </Bindings>
            </Item>
          </SubFolders>
          <Bindings>
            <Item Id="{bd01d98c-2b98-434e-8ab6-ea890842f7f0}" />
            <Item Id="{cd07208c-8493-4d9f-aeaf-f872a50d9c52}" />
            <Item Id="{6dbfeedc-f4f1-473e-af34-dbf91f5c4abd}" />
            <Item Id="{3cbca747-a777-4984-86f6-9987688f4e23}" />
            <Item Id="{df858f43-cab3-44da-b1f2-992bbf23c9ca}" />
            <Item Id="{a7134587-8893-447a-b6a5-f1559a17c063}" />
            <Item Id="{e29721b9-96d1-49b0-ab5e-55dcf6170644}" />
            <Item Id="{ddeee320-739f-4e74-b41f-c6a2f6ccf599}" />
            <Item Id="{ead139d2-ddb7-4251-a9cd-686b42f4dd72}" />
            <Item Id="{51ddd495-85fc-4503-a6dc-c5c828fdbca9}" />
            <Item Id="{94c8dc3a-5f41-4903-b352-532ad2df595e}" />
            <Item Id="{3ed9e248-dbdd-402f-98f2-9c9eead1f2ad}" />
            <Item Id="{ebad2dc4-813d-468c-8114-d354e370a9fb}" />
            <Item Id="{82dde967-d9d9-4251-8034-194c197c12c4}" />
            <Item Id="{7ba2b869-7e80-4488-b356-45164ad51d18}" />
            <Item Id="{ed859d06-70b8-42b2-9bc1-cf888b46d99c}" />
            <Item Id="{74edec86-e6da-47fd-b5c6-a68adba16893}">
              <Enabled>False</Enabled>
              <Key1>
                <KeyState>5373953</KeyState>
                <KeyCode>96</KeyCode>
              </Key1>
              <Key2 />
              <Command>View.QuickActions</Command>
              <ReadableContext>[CodeEditorHasFocus]</ReadableContext>
            </Item>
          </Bindings>
        </Item>
        <Item Id="{a3f2b3b4-9497-4db5-9f8b-c4b30a2240ac}">
          <SubFolders>
            <Item Id="{28d84f66-997e-40f1-916b-bccd3a30e979}" />
            <Item Id="{5f50d588-fef9-4f94-843a-08a71e81cadb}" />
            <Item Id="{0e1a8f0e-939c-43d4-a574-17bc62e79d31}">
              <Bindings>
                <Item Id="{173b3228-6b7d-4fe0-a9cc-b505df87fad2}">
                  <Enabled>True</Enabled>
                </Item>
                <Item Id="{7ba1f03b-60b0-4b24-a571-9d4a8e73a64e}" />
                <Item Id="{93b4009f-dd82-47e7-a675-90df06c488f0}">
                  <Enabled>True</Enabled>
                </Item>
                <Item Id="{34aa3b45-77fd-4777-8a09-5a4727695746}">
                  <Enabled>True</Enabled>
                </Item>
                <Item Id="{45635691-e37c-433d-ad0c-2c07a430d102}" />
                <Item Id="{dc83600a-f779-4ac7-88e4-f821aabeaeb6}" />
                <Item Id="{3593b40a-b2e6-4ab7-b44e-d1069db8dc6e}" />
                <Item Id="{a572244c-9973-435e-9164-9027b4f29615}">
                  <Enabled>True</Enabled>
                </Item>
                <Item Id="{e2e37b7a-f44d-4c22-ad33-5f5b47cbf608}" />
                <Item Id="{88ab7cd7-d8c2-45b8-97b5-55990ffd18c9}" />
                <Item Id="{c9bee03f-85d7-4ca3-bb77-00aac6990bef}" />
                <Item Id="{72f3c77a-7526-4cda-85df-23ce91a904e1}" />
              </Bindings>
            </Item>
            <Item Id="{9742ad00-8e7d-4f8b-902b-cdb634e79708}" />
            <Item Id="{c66047dd-1843-4f94-9785-095fbc40af81}" />
          </SubFolders>
        </Item>
        <Item Id="{318b8900-85af-4c66-b37f-8a86508e7a89}" />
        <Item Id="{d33fb6fa-56b3-40a1-b169-71e855b2e3a2}" />
        <Item Id="{4aa0656f-7150-440b-8585-509c548e9d7e}" />
      </SubFolders>
    </RootFolder>
  </Options>
</Root>